asset,feature_mode,number_of_features,selected_components,variance_explained,cross_validation_rmse,pca_rmse,pca_mae,pca_r_squared,pca_directional_accuracy,pca_prediction_correlation,zero_rmse,previous_return_rmse,ridge_rmse,ridge_r_squared,ridge_directional_accuracy,pca_beats_zero,pca_beats_previous_return,pca_beats_ridge,strategy_total_return,strategy_sharpe,average_turnover
AENO,all_assets,51,5,0.3730132634892758,0.018301721609857265,0.017681206449801024,0.014422338400266637,-0.019137275078769056,0.535,0.019813912571860402,0.017551384677863886,0.02287313238464713,0.0184630507820652,-0.11126036422792085,0.51,False,True,True,-0.040392635505985375,-0.046778674758107874,0.855
LSST,all_assets,51,1,0.23476057584962332,0.022883904784249613,0.024522378909754165,0.01953794135530279,-0.008111681675497584,0.51,0.04098614234492168,0.02454177230628407,0.033359928760185543,0.02489400886792792,-0.03889852507788372,0.5,True,True,True,0.07963524056742366,0.4413353395939281,0.925
SRNA,all_assets,51,8,0.43606744290671073,0.016055513597626702,0.01613319585467964,0.012921768539284853,-0.037497734521450665,0.45,-0.01209719621686152,0.01588846727149749,0.0234365187353688,0.016188671190073143,-0.044645046195828986,0.505,False,True,True,-0.2107339024219742,-1.0554609003892361,0.725
ELLT,all_assets,51,1,0.23476057584962332,0.01753512345400022,0.016925120293587226,0.013095513372522665,-0.005968459897417455,0.505,0.06683404189362227,0.016973598462544894,0.02386302012165452,0.01726023714385918,-0.04619912634750478,0.465,True,True,True,-0.014490848712383264,0.06610611000131725,0.985
AMRP,all_assets,51,10,0.4749952881793643,0.027091384587088943,0.02802048463354667,0.022978837507598892,-0.01751846581650196,0.51,0.09921444181764667,0.02782167632351414,0.03920573316067936,0.02836814742797865,-0.04292472886614718,0.565,False,True,True,0.21796820109645965,0.7821707263125282,1.025
OTCS,all_assets,51,3,0.3265312012314527,0.027456010546026623,0.02633583956320652,0.021671134951887026,-0.01275874080315309,0.5,-0.010506104482992825,0.02620081886978248,0.0371347089123082,0.027334740009253792,-0.09104222678360752,0.49,False,True,True,-0.07766042946925367,-0.03705335388893465,0.975
HETT,all_assets,51,2,0.28837192168513626,0.015218234437980285,0.01632817778948628,0.013221248327551338,-0.0075182205740194075,0.49,-0.027433773210005112,0.016275182479522726,0.021660334788565855,0.01656858258679513,-0.03740462912592846,0.515,False,True,True,-0.07838859136104692,-0.2681942975375407,0.885
HUXZ,all_assets,51,5,0.3730132634892758,0.0219467109861337,0.02067461156643722,0.016560703260267536,-0.009959475743383628,0.49,0.050672718634597845,0.02057939689593025,0.029408659081761095,0.021162360580514617,-0.05817488714600394,0.525,False,True,True,-0.09184782748238485,-0.2083035419286085,1.065
DUCT,all_assets,51,1,0.23476057584962332,0.020970637147213925,0.020994493151528206,0.016595598397485145,-0.0076856315680178255,0.475,-0.04238902593958709,0.020983909923226917,0.030593876767502977,0.021597624762324335,-0.06641503703052076,0.53,False,True,True,-0.06424761865558004,-0.0839952768898466,0.905
SMAH,all_assets,51,1,0.23476057584962332,0.02168372862415129,0.022085363897979462,0.017692284882779165,0.0032384646688312646,0.55,0.09305374630373331,0.022160044625512874,0.03217984545391712,0.02287122937777977,-0.06895930099151215,0.525,True,True,True,0.2507053643609216,0.9769511857940272,0.025
NPCK,all_assets,51,1,0.23476057584962332,0.018649048941470913,0.0200654785979152,0.015718367286737,0.004727073405095372,0.52,0.13930306698536038,0.020129073977273055,0.026160882155413585,0.02006251880317909,0.005020670818355111,0.51,True,True,False,0.4993731672047317,1.7634261753146165,0.345
MSDP,all_assets,51,10,0.4749952881793643,0.023424324822057932,0.021472417498220448,0.016822233915599925,-0.007152566135955274,0.475,0.06326686818256022,0.021476300237780584,0.02925835801955163,0.02227882841796015,-0.08422165118410074,0.505,True,True,True,-0.1316234190043073,-0.3509689659623835,0.945
EORC,all_assets,51,1,0.23476057584962332,0.022188214118551923,0.020794187745186567,0.016696315931312752,-0.01230509676057312,0.495,0.04596999585968191,0.02076904262242779,0.029224030180032612,0.022125390828656524,-0.14606540650308153,0.455,False,True,True,0.016085420431125597,0.22563499038411017,0.505
CUBO,all_assets,51,10,0.4749952881793643,0.016110152232524298,0.01655362013825984,0.013138759271593416,0.011429432673562001,0.52,0.1390521462822089,0.016659894855265138,0.02574665257207435,0.016614146989216858,0.004186974081132111,0.515,True,True,True,0.15803958781593086,0.830045870894226,0.905
HRET,all_assets,51,5,0.3730132634892758,0.022494430803056183,0.022606726007707904,0.017547882696001847,-0.05027064036739182,0.515,-0.06739336791203475,0.022069064018109152,0.03215994819417486,0.022252536139527546,-0.017618312886618526,0.545,False,True,False,-0.029629634760572232,0.06696014647790954,1.005
ANSO,all_assets,51,3,0.3265312012314527,0.021272350595080713,0.021862054030466243,0.017343941540767963,-0.024711443322112503,0.425,-0.15384108710819872,0.021596984832172438,0.03106989728825871,0.0225694240509244,-0.09209548716489224,0.51,False,True,True,-0.5325106496041323,-2.6510344720823267,0.845
DIHO,all_assets,51,1,0.23476057584962332,0.020522825425529793,0.02177375159568888,0.017355035700524057,-0.008052078441661337,0.46,0.04775937157551379,0.021736963314280888,0.029559567825136277,0.02207382090379902,-0.03602794663550002,0.475,False,True,True,0.21141072947556583,0.8706053096818825,0.945
RTTH,all_assets,51,5,0.3730132634892758,0.03261839298057439,0.03243351115064682,0.0257040413949577,0.0052255340660031235,0.55,0.08824647038165964,0.032544360315915365,0.044474145009678036,0.03338337382850086,-0.053894522859678995,0.495,True,True,True,1.134890744760313,2.1189678855708536,0.805
SPLZ,all_assets,51,2,0.28837192168513626,0.02451797638108503,0.025432517910427933,0.020465261246439884,-0.02935842607126604,0.48,-0.00911490786058912,0.025188277205217106,0.03715341324589316,0.027154193695889402,-0.17344227165861859,0.495,False,True,True,-0.17741057004645455,-0.41463759038620324,0.945
NWIG,all_assets,51,1,0.23476057584962332,0.02154650704041065,0.020487245586289723,0.016195949654635652,-0.0007495868945659456,0.49,0.08809253622891781,0.020498316841757902,0.029308163138229468,0.020632941839205332,-0.015033978261301373,0.555,True,True,True,0.04323182479964105,0.32589569988092876,0.505
MMBT,all_assets,51,5,0.3730132634892758,0.041015724971608616,0.0430905474079374,0.03478954939932121,-0.00012985697213818703,0.56,0.06117520881451738,0.04339454228483384,0.06028198395661969,0.04696882790278812,-0.18826092292126329,0.46,True,True,True,1.7299759333614024,2.193859420765835,0.705
MDGI,all_assets,51,1,0.23476057584962332,0.022131778176609464,0.02016757463468405,0.016193418152807997,-0.005014951610030849,0.56,0.03632323840021436,0.02027791604582451,0.029034209075119537,0.02082307861090842,-0.07140841851929114,0.545,True,True,True,0.6521738051256496,2.1395369188604527,0.325
AGVF,all_assets,51,1,0.23476057584962332,0.02045254408420323,0.0196207222789751,0.016046879757591507,-0.004381462032529981,0.495,-0.06378668008098001,0.01962300539789816,0.027612418890142324,0.02052053333150295,-0.09861619049330783,0.505,True,True,True,0.01144102798209401,0.20162860088421217,0.215
RRES,all_assets,51,5,0.3730132634892758,0.02443837149033144,0.02395229343921193,0.01875165062689978,0.03430120146575988,0.585,0.20378822215485076,0.02437562530333831,0.03389950297015321,0.025071931859932242,-0.058091149151646926,0.515,True,True,True,0.9864253382879362,2.4498355043102626,0.895
CTGI,all_assets,51,1,0.23476057584962332,0.030087315803566047,0.02953836665918351,0.02419109946518018,-0.004642578241090822,0.535,0.02678514945459678,0.02954390726548077,0.04176390462300323,0.03012646885768777,-0.04504523060587373,0.52,True,True,True,0.4625171382335007,1.2565575110489342,0.805
ALUT,all_assets,51,1,0.23476057584962332,0.021316681872460254,0.021255501712502428,0.016943824023133658,-0.012860781112152164,0.46,-0.07136388102917895,0.021123062005030717,0.030679984703179862,0.02140311628414509,-0.026977801646863142,0.525,False,True,True,-0.35991060609166037,-1.5111134614443222,0.965
ACAC,all_assets,51,1,0.23476057584962332,0.019521091745442844,0.017619962889566985,0.013671196091533387,-0.0003155672739021398,0.54,0.09798819471019836,0.01763281883870103,0.026268259509659057,0.018554035143635735,-0.10918451649997007,0.5,True,True,True,0.018349852896448526,0.22158848527383398,0.505
SRTX,all_assets,51,2,0.28837192168513626,0.020494552031076075,0.019176561251579814,0.01561401616191898,-0.040055866290575004,0.485,-0.06214523203506761,0.01892486241694365,0.025960130660462623,0.01881273264661033,-0.0009651825616683318,0.58,False,True,False,-0.200245250602061,-0.7857333869242579,0.905
GARI,all_assets,51,5,0.3730132634892758,0.022481919819948647,0.022619216901167437,0.01804248772289748,0.015860267389206095,0.56,0.1660442211708472,0.02284459253269296,0.03184083802748011,0.02352320070468781,-0.06437450600158856,0.55,True,True,True,1.0198220384597545,2.6522923483218355,0.985
RCRI,all_assets,51,8,0.43606744290671073,0.033833748608113196,0.0359475780619387,0.02848521891157614,0.0051178362645090125,0.505,0.0863655574411771,0.036043405559768184,0.04645699742815006,0.03640232182149251,-0.02021227260389602,0.52,True,True,True,1.0704181631311722,1.8945566425115343,1.045
ACIX,all_assets,51,1,0.23476057584962332,0.016562826623120697,0.017334361792543117,0.013777092122050891,0.0021325893875271396,0.495,0.04626609856714981,0.017366822274353943,0.025059989925627968,0.018604958845246676,-0.14951476317749335,0.485,True,True,True,0.021924282802294304,0.2366756946739081,0.585
CCNS,all_assets,51,1,0.23476057584962332,0.022443081956934636,0.02364970878871962,0.01918236458800223,-0.00692937766955648,0.505,-0.0347867526851539,0.023579452040925708,0.03398213798713126,0.02557494449010682,-0.1775431122454103,0.45,False,True,True,-0.004579018094305276,0.17165619973770102,0.805
MTNS,all_assets,51,1,0.23476057584962332,0.01883358605571353,0.018162948223058743,0.014787545213328403,-0.003886876979034559,0.495,0.0029546270274813735,0.018165674955272697,0.027361519747166826,0.01898442629409189,-0.09674848210821074,0.54,True,True,True,0.05561398033571607,0.379545246530307,0.905
IHOZ,all_assets,51,2,0.28837192168513626,0.01910192117372971,0.017625934387767158,0.014044867650319768,0.009851368397923776,0.53,0.13891610578518024,0.017776201955328048,0.024627062089388394,0.017623546422936197,0.010119641261113421,0.54,True,True,False,0.2521807757398775,1.14512408136451,0.945
NAYO,all_assets,51,1,0.23476057584962332,0.03265998264859684,0.029575011265523202,0.02387679239350585,-0.0006678521658940451,0.52,-0.011346165775076045,0.02956523103484617,0.040800743484350886,0.03120337222220022,-0.11389222819754252,0.49,False,True,True,-0.1305107984314262,-0.1403023085890337,0.685
FWWG,all_assets,51,1,0.23476057584962332,0.015105227424302748,0.014290483689297829,0.011638930485325211,-0.019335039190041314,0.465,0.041410297039413256,0.014220894565020962,0.020574920992548932,0.014973499587545826,-0.11910213922327584,0.485,False,True,True,-0.2556123257961781,-1.5378226804029356,0.005
EELT,all_assets,51,1,0.23476057584962332,0.03404654000872723,0.03454583686027952,0.02773745263424647,-0.005654601696347905,0.56,-0.004404360383293822,0.03452821816873102,0.049100060885699695,0.034922753567511816,-0.027718959160346168,0.595,False,True,True,-0.06199394567819483,0.12744039937942758,0.965
HRND,all_assets,51,1,0.23476057584962332,0.02965613625116432,0.02578980250111121,0.020041379444298714,-0.016513366505524152,0.56,0.055300440027649375,0.025761665686070644,0.038042675285466024,0.02677723973928501,-0.09584385049042932,0.5,False,True,True,0.49838995465043734,1.4526749253622817,0.965
AETS,all_assets,51,1,0.23476057584962332,0.03295339071784476,0.03199521615629906,0.02508024021583222,0.0014638860341106286,0.565,0.07856939435570086,0.032058714067682986,0.041782015894296066,0.0327138880152929,-0.043897854122923574,0.535,True,True,True,1.040782449137331,2.0325676555728482,0.985
ULXY,all_assets,51,2,0.28837192168513626,0.028170166029307973,0.029797412686486318,0.02404365851870747,-0.04177899280028963,0.465,-0.08904457633482683,0.02921068742588674,0.04320291114534083,0.03152043583720989,-0.16574325643585586,0.47,False,True,True,-0.34181090653106005,-0.9025511396629792,1.005
BLBT,all_assets,51,1,0.23476057584962332,0.012246247454701669,0.012637358396141286,0.010037192888049329,-0.033297945425549536,0.43,-0.031241316534103444,0.012513845156797241,0.01807113051533136,0.012628143243289898,-0.03179153459308948,0.52,False,True,False,-0.22379132534130053,-1.5104879970102112,0.025
BENI,all_assets,51,2,0.28837192168513626,0.011504125054471669,0.011974752424996815,0.009554751710366644,-0.019206424853237758,0.5,0.0034554071771327843,0.01193704132086062,0.01617716277303604,0.011989897336621803,-0.021786111145104536,0.545,False,True,True,-0.049096585755940114,-0.23925539985689895,0.885
ITPA,all_assets,51,1,0.23476057584962332,0.015881540912382152,0.015108643195312,0.01208037791723994,0.008538133020700167,0.51,0.10759827523096262,0.015173651316132459,0.020976813468854286,0.01608743427788733,-0.12408371624747172,0.4,True,True,True,0.1441091664228884,0.8234686055964002,0.685
HTRK,all_assets,51,5,0.3730132634892758,0.01824849545806527,0.01638364866494848,0.013181969162884635,-0.0039403540293443395,0.57,0.06177768375329091,0.016373611479578366,0.023843861995035593,0.016846926326186534,-0.0615195868693974,0.545,False,True,True,0.31559583646164246,1.462108244697407,1.005
NGTE,all_assets,51,1,0.23476057584962332,0.022441874663105738,0.02310958584664274,0.01840839989882239,-0.007618713872053151,0.445,-0.032975245748726546,0.02307783097655103,0.033091186591996655,0.023619928410724512,-0.05261378657183036,0.51,False,True,True,-0.46758058196986063,-1.9941441261402693,0.885
ILVX,all_assets,51,1,0.23476057584962332,0.014248053304673538,0.01335961702294404,0.011114308556059155,0.020531403293256867,0.545,0.16928766677301801,0.013534517831645257,0.017266441481460556,0.013769616071856486,-0.040509769011135344,0.51,True,True,True,0.4830772131170362,2.440685139932834,0.565
FCSG,all_assets,51,1,0.23476057584962332,0.024502106730203147,0.02349790639220683,0.018354765877210175,0.0034518094686810663,0.57,0.10833992641192874,0.02362163580533706,0.032107510160837,0.023732876949295448,-0.016578080394571426,0.525,True,True,True,0.8421302339975547,2.255404578026529,0.965
FARS,all_assets,51,1,0.23476057584962332,0.015572200158302086,0.018172743131764833,0.014243896363920077,-0.002577684541884784,0.505,0.09268791732910055,0.01815643716550384,0.026288419505435548,0.01788892774274725,0.028493573899511793,0.555,False,True,False,-0.12570638099675058,-0.4420465762468966,0.005
MHRM,all_assets,51,5,0.3730132634892758,0.023062159256947535,0.022635496805655745,0.017624880207808728,-0.03700969646129049,0.51,-0.02400315571554018,0.02228172676421396,0.029571703819951174,0.023262450364413184,-0.09525104056393197,0.495,False,True,True,0.04438843813745774,0.3309388275638462,0.985
EAFC,all_assets,51,1,0.23476057584962332,0.023023125856624638,0.020642076782768977,0.016218119635651864,-0.01063722019476665,0.51,0.09659399321663392,0.020699102122072058,0.027122499059285793,0.021119164927478944,-0.057893609793086,0.485,True,True,True,0.26924798677253814,1.0781208501588708,0.965
AENO,other_assets_only,50,5,0.3746643308706449,0.018293454872558557,0.017709823488335618,0.014453763985728096,-0.022438892792088216,0.54,0.007843208571383565,0.017551384677863886,0.02287313238464713,0.018467745783007618,-0.11182560470585878,0.515,False,True,True,-0.026011927461754403,0.02034478855371607,0.895
LSST,other_assets_only,50,1,0.23521401671359704,0.022885674674316882,0.02452600168124516,0.019539194572005654,-0.008409566970086102,0.51,0.038789924791417005,0.02454177230628407,0.033359928760185543,0.02485272091056294,-0.035455252656954483,0.5,True,True,True,-0.06280663613487159,-0.014504404193466006,0.965
SRNA,other_assets_only,50,2,0.28698455342462154,0.016132070857994094,0.016015061344121354,0.012720667792808917,-0.022359313990657714,0.485,0.02410097033601291,0.01588846727149749,0.0234365187353688,0.016111709147357874,-0.034736029339644814,0.495,False,True,True,-0.10770228939263982,-0.4420155498024743,0.495
ELLT,other_assets_only,50,1,0.2355038529845328,0.01753490724773086,0.01692344246278627,0.013093968995052812,-0.0057690212905037175,0.51,0.06812009836112178,0.016973598462544894,0.02386302012165452,0.017223830272019982,-0.0417903031125626,0.495,True,True,True,0.002800983821334757,0.14724438506589133,0.985
AMRP,other_assets_only,50,10,0.4783598485098328,0.0270688103259736,0.027956435769901415,0.022928241049303216,-0.012872120907022389,0.52,0.10798442617844549,0.02782167632351414,0.03920573316067936,0.02836144488265544,-0.042431963204373924,0.57,False,True,True,0.13681285330352022,0.5860693914207723,1.065
OTCS,other_assets_only,50,3,0.32973190104318456,0.027441245507067693,0.026328178570852765,0.02167049282381166,-0.012169611418627158,0.5,-0.006246699581316314,0.02620081886978248,0.0371347089123082,0.027403813884859605,-0.09656324027560781,0.5,False,True,True,-0.03338416524947074,0.10459978179074138,0.995
HETT,other_assets_only,50,2,0.2889052042876476,0.01522677653232788,0.016331555311184624,0.013224442284446681,-0.007935078676100327,0.495,-0.03625114912561575,0.016275182479522726,0.021660334788565855,0.01666404794994878,-0.04939376869887502,0.53,False,True,True,-0.046657155021874175,-0.10349649482171053,0.865
HUXZ,other_assets_only,50,5,0.37543314931354366,0.021955632704657824,0.020685458991853624,0.01658836058490165,-0.011019552163442858,0.475,0.04413561076727018,0.02057939689593025,0.029408659081761095,0.02108295604161292,-0.05024890429715878,0.545,False,True,True,-0.13671784066180281,-0.40331248827911687,1.045
DUCT,other_assets_only,50,1,0.23372475911309937,0.020970066863107154,0.020996760847940298,0.01659961367748394,-0.007903331370277877,0.48,-0.039836963910452064,0.020983909923226917,0.030593876767502977,0.02156191470849464,-0.06289147773677684,0.535,False,True,True,-0.08135096258909191,-0.15357486662746508,0.925
SMAH,other_assets_only,50,1,0.2354748614691361,0.021683539418563463,0.02208438452324942,0.017691626159229753,0.0033268654232173622,0.55,0.09741346328784563,0.022160044625512874,0.03217984545391712,0.022736311487031355,-0.05638486975287704,0.525,True,True,True,0.2507053643609216,0.9769511857940272,0.025
NPCK,other_assets_only,50,1,0.23482561564844798,0.018650307185616055,0.020070123480389973,0.015722428346696574,0.0042662360696009705,0.51,0.13558396127434433,0.020129073977273055,0.026160882155413585,0.02016778322295714,-0.005447674463592289,0.545,True,True,True,0.3878813597401711,1.454858936992552,0.265
MSDP,other_assets_only,50,2,0.28878668847661965,0.02343783224545951,0.021490219776914364,0.01686534859559714,-0.008823271652125264,0.5,0.018675197137090135,0.021476300237780584,0.02925835801955163,0.022293711843035028,-0.08567076884551472,0.5,False,True,True,0.22804475946067848,0.9279672878176733,0.955
EORC,other_assets_only,50,1,0.2356490587087014,0.022188513515088954,0.020794064032111936,0.016697185463860776,-0.012293051567466184,0.485,0.0467164103995497,0.02076904262242779,0.029224030180032612,0.02212646062912987,-0.1461762376260154,0.48,False,True,True,-0.058837925698703386,-0.06626235894041128,0.465
CUBO,other_assets_only,50,3,0.32528219052412133,0.016134730488017834,0.016434699745743405,0.013026211279239674,0.02558209800968525,0.53,0.161624640776427,0.016659894855265138,0.02574665257207435,0.016670135392178414,-0.00253596202009998,0.51,True,True,True,0.4730357902802309,1.9874248519077544,0.945
HRET,other_assets_only,50,5,0.37603376095842145,0.022474525264107283,0.02275099190304718,0.017595977896166633,-0.06371811565702479,0.51,-0.09675641437335611,0.022069064018109152,0.03215994819417486,0.022243634271964418,-0.016804303060502068,0.55,False,True,False,-0.24921690085664683,-0.8539196935659048,0.965
ANSO,other_assets_only,50,3,0.3290608800586472,0.021273144074770333,0.021863701284956943,0.017336744535721576,-0.024865868346976683,0.42,-0.15101158944038692,0.021596984832172438,0.03106989728825871,0.022714708574411532,-0.10620087612766116,0.5,False,True,True,-0.5741489090004294,-3.0094524672257954,0.825
DIHO,other_assets_only,50,1,0.2361067332855788,0.02052518924066112,0.021778682899986065,0.017358002373693126,-0.008508736031419994,0.455,0.0459734246207941,0.021736963314280888,0.029559567825136277,0.022025446103149722,-0.03149200977448152,0.47,False,True,True,0.18775701762193453,0.7984995365700032,0.965
RTTH,other_assets_only,50,3,0.3290172661692418,0.03266286909649706,0.03247364851203486,0.02577758492649887,0.002761889114451521,0.52,0.07324980211142468,0.032544360315915365,0.044474145009678036,0.03336279265932287,-0.052595451326745035,0.49,True,True,True,0.6615319568071187,1.497183808351362,0.945
SPLZ,other_assets_only,50,2,0.28969273739250095,0.024522285943409602,0.025433209184886917,0.020475602942385235,-0.029414384263221294,0.48,-0.012991393168714753,0.025188277205217106,0.03715341324589316,0.027292762686897735,-0.1854490797155648,0.475,False,True,True,-0.1746685998087676,-0.40416692741394455,0.945
NWIG,other_assets_only,50,1,0.23558895332190796,0.02154959422618325,0.02048784598627596,0.016194413176101312,-0.0008082437637808582,0.5,0.09011205552238143,0.020498316841757902,0.029308163138229468,0.020632135480825604,-0.01495464249164935,0.555,True,True,True,0.15840181022342992,0.7309389249853829,0.465
MMBT,other_assets_only,50,5,0.3750219676453439,0.04101186806116343,0.04312345810734522,0.034847227436168325,-0.001658152368222865,0.55,0.04972806466303338,0.04339454228483384,0.06028198395661969,0.0469318269909191,-0.18638949364869806,0.44,True,True,True,2.49402299461798,2.6582322898258246,0.645
MDGI,other_assets_only,50,1,0.23609247521782376,0.0221316070204368,0.020166070461459625,0.01619114068111519,-0.0048650416448516864,0.565,0.038243297291354526,0.02027791604582451,0.029034209075119537,0.02081683524057199,-0.07076603543520044,0.55,True,True,True,0.6937500693191414,2.2393659032327906,0.305
AGVF,other_assets_only,50,3,0.32893490849469836,0.020452874948794796,0.01959655528676195,0.016014883362012493,-0.0019087772778463297,0.48,0.04787894291516893,0.01962300539789816,0.027612418890142324,0.020551210191956968,-0.10190336497771835,0.525,True,True,True,-0.15572121954176865,-0.528000285623619,0.985
RRES,other_assets_only,50,5,0.372407989820258,0.024458826122033272,0.023951908245879634,0.018759351963408836,0.03433226135137035,0.595,0.20474978694490853,0.02437562530333831,0.03389950297015321,0.025069778169069995,-0.057909375894043436,0.525,True,True,True,1.2062022567750095,2.804819272816044,0.895
CTGI,other_assets_only,50,3,0.3283795319569225,0.030070018756405283,0.02961514000285702,0.024188619247390318,-0.009871709901637438,0.495,-0.03338655651317199,0.02954390726548077,0.04176390462300323,0.030114039062288978,-0.044183063933196376,0.515,False,True,True,-0.41088336500485545,-1.185841570830685,0.955
ALUT,other_assets_only,50,1,0.23674646117414258,0.021320254354461533,0.021249369062947648,0.01693868615242841,-0.012276403078958165,0.465,-0.07092913636871806,0.021123062005030717,0.030679984703179862,0.021266983911984647,-0.01395536931951491,0.545,False,True,True,-0.336368261300118,-1.3740758318177952,0.925
ACAC,other_assets_only,50,1,0.23373617310092265,0.019526353951563737,0.017613478131323027,0.01366719929834956,0.00042059896860391355,0.54,0.10545822804979679,0.01763281883870103,0.026268259509659057,0.018708771852289058,-0.12776238868845757,0.475,True,True,True,0.054065615814339996,0.3764422403575289,0.585
SRTX,other_assets_only,50,2,0.2878431832128711,0.020501980530251266,0.01917053418650488,0.015617882522362594,-0.039402203808120984,0.47,-0.06816515297621148,0.01892486241694365,0.025960130660462623,0.01881908632847813,-0.0016414148145813545,0.575,False,True,False,-0.28391064131774235,-1.2508208739754634,0.885
GARI,other_assets_only,50,5,0.3742979974200209,0.022509261429378768,0.022620987827393392,0.01803741930018594,0.015706158863156072,0.56,0.1655974662949327,0.02284459253269296,0.03184083802748011,0.023492932889210037,-0.06163716044655154,0.56,True,True,True,0.9116543289128292,2.4541127321024123,1.005
RCRI,other_assets_only,50,5,0.37446742879198675,0.03381892687410795,0.03587239345978697,0.028369638377111813,0.009275089772698086,0.505,0.09877928423757114,0.036043405559768184,0.04645699742815006,0.03668163393026224,-0.03592835089532076,0.525,True,True,True,0.8580332741037595,1.6516483465162333,0.985
ACIX,other_assets_only,50,1,0.23490152056356592,0.016565406097528473,0.01733213491676919,0.013775920166308013,0.0023889569486785778,0.495,0.049016884948741485,0.017366822274353943,0.025059989925627968,0.018467039057588987,-0.1325350755000707,0.49,True,True,True,0.021924282802294304,0.2366756946739081,0.585
CCNS,other_assets_only,50,1,0.23674960285463795,0.022440799980777453,0.023648820547127178,0.01918144163809705,-0.006853742086395442,0.505,-0.03412259347662917,0.023579452040925708,0.03398213798713126,0.02559240227202221,-0.17915127270037567,0.45,False,True,True,-0.004579018094305276,0.17165619973770102,0.805
MTNS,other_assets_only,50,1,0.23401452927336658,0.018834077681949283,0.018167017720164012,0.014792921431843156,-0.004336778873490266,0.49,-0.0032024914259055864,0.018165674955272697,0.027361519747166826,0.018872362289864695,-0.0838386084102356,0.545,False,True,True,0.043445519467291804,0.3289746936413725,0.905
IHOZ,other_assets_only,50,2,0.28700149047233076,0.01910598641941066,0.017617639151300855,0.014027435579076842,0.01078312998341513,0.54,0.14325119773819292,0.017776201955328048,0.024627062089388394,0.017598446136088103,0.012937301989620287,0.535,True,True,False,0.3820327372562091,1.5894290419343837,0.945
NAYO,other_assets_only,50,5,0.3735500741963491,0.032631760573478226,0.02960260514297397,0.02391778021667725,-0.002535995995651019,0.495,0.026900580420479325,0.02956523103484617,0.040800743484350886,0.031206441119168725,-0.11411134480848584,0.49,False,True,True,0.008646195633722042,0.2562297000276253,1.005
FWWG,other_assets_only,50,1,0.23422746695150926,0.01510545954479916,0.014290128233373313,0.011638568156029601,-0.01928433073532232,0.465,0.044958124201108805,0.014220894565020962,0.020574920992548932,0.014996269287383183,-0.12250828942506287,0.475,False,True,True,-0.2556123257961781,-1.5378226804029356,0.005
EELT,other_assets_only,50,1,0.2372458814527068,0.034045190062152814,0.034546126528019146,0.0277388548531196,-0.005671466646981704,0.565,-0.004909863203378737,0.03452821816873102,0.049100060885699695,0.03490904757750274,-0.02691242816099071,0.59,False,True,True,0.032976586600902635,0.3484959330206779,0.945
HRND,other_assets_only,50,1,0.23684816983441442,0.02965423194527884,0.025780792608487223,0.02002996341090113,-0.01580323493697766,0.555,0.05880064493531809,0.025761665686070644,0.038042675285466024,0.026813228325742247,-0.09879145627602748,0.505,False,True,True,0.4722449302741263,1.3979186448458456,0.985
AETS,other_assets_only,50,1,0.23651985252860305,0.03295868614892936,0.03199842151877892,0.02508366553971719,0.0012638042153466644,0.57,0.07404341634185173,0.032058714067682986,0.041782015894296066,0.032627361136665,-0.038383023868262534,0.525,True,True,True,1.1535895191901528,2.1689332089922644,0.985
ULXY,other_assets_only,50,2,0.2907637712112077,0.028168494522870735,0.02979771092247794,0.024035918786703317,-0.04179984679517057,0.47,-0.08810999903973951,0.02921068742588674,0.04320291114534083,0.03152014796801066,-0.1657219635801941,0.47,False,True,True,-0.3219305604145901,-0.8215422429223148,1.005
BLBT,other_assets_only,50,1,0.23363295684120156,0.01224496116644455,0.012637245472773445,0.010037094916524167,-0.03327947907221862,0.43,-0.034757564098643876,0.012513845156797241,0.01807113051533136,0.012645115598864477,-0.034566875445036116,0.515,False,True,True,-0.22379132534130053,-1.5104879970102112,0.025
BENI,other_assets_only,50,2,0.28595053294588707,0.011502238981500075,0.01198172108955993,0.009562121369599502,-0.02039301712383601,0.505,-0.004493491784673144,0.01193704132086062,0.01617716277303604,0.011999577867045657,-0.023436738232597287,0.545,False,True,True,-0.0994310512370965,-0.600306266706018,0.925
ITPA,other_assets_only,50,1,0.2344632173973756,0.015883317635214316,0.015108403440603308,0.012083143530081638,0.008569599216832646,0.51,0.10804048840595748,0.015173651316132459,0.020976813468854286,0.016089919101640315,-0.124430989228558,0.39,True,True,True,0.14113682967810282,0.8098427362830791,0.665
HTRK,other_assets_only,50,5,0.37425152164208997,0.01822614011267332,0.01636754433717355,0.0131652143937735,-0.001967675197380281,0.565,0.06882980183780497,0.016373611479578366,0.023843861995035593,0.01691693576967635,-0.07036046495970405,0.53,True,True,True,0.32948366254559347,1.513531911588773,1.045
NGTE,other_assets_only,50,1,0.23507622104325818,0.022440450437895783,0.023111411543147022,0.01841120216363511,-0.007777927337994761,0.445,-0.03239319037170718,0.02307783097655103,0.033091186591996655,0.02348911942782229,-0.040987158090783904,0.51,False,True,True,-0.45432322506196965,-1.9078691670531034,0.865
ILVX,other_assets_only,50,1,0.23076208785581007,0.014252898997638541,0.013368371765323194,0.01111994814162832,0.01924726395384624,0.54,0.16453159828845307,0.013534517831645257,0.017266441481460556,0.013790441623591575,-0.043659541155281145,0.49,True,True,True,0.47290089503977484,2.398988869460691,0.565
FCSG,other_assets_only,50,1,0.2368674484727895,0.02450147725912442,0.023501509892839254,0.018360650961030515,0.003146136501315344,0.565,0.10752877198933503,0.02362163580533706,0.032107510160837,0.02363459772706665,-0.008176095263878969,0.545,True,True,True,0.673991293325999,1.9264105922775057,0.965
FARS,other_assets_only,50,5,0.376157721072371,0.015550389241215153,0.01818810677123676,0.014145534389253242,-0.004273603875267984,0.545,0.04260374380097287,0.01815643716550384,0.026288419505435548,0.017888558404738405,0.028533689277032925,0.545,False,True,False,-0.23472543394517353,-1.0240856486180507,0.725
MHRM,other_assets_only,50,5,0.37367453887198937,0.023086420559857528,0.022467726971714997,0.017524217179011963,-0.021694442083430854,0.51,0.015944071540482257,0.02228172676421396,0.029571703819951174,0.023118515721901427,-0.08173940635191657,0.5,False,True,True,0.0529426141672511,0.35993066465673934,1.025
EAFC,other_assets_only,50,1,0.23478367774915931,0.023022263165439632,0.02065013582702216,0.016221195450463098,-0.011426516746735116,0.52,0.09247995232953493,0.020699102122072058,0.027122499059285793,0.0211288841891891,-0.0588675413685007,0.49,True,True,True,0.2804178466124736,1.1118755005913257,0.945
