,PC1,PC2,PC3,PC4,PC5,PC6,PC7,PC8,PC9,PC10,PC11,PC12,PC13,PC14,PC15,PC16,PC17,PC18,PC19,PC20,PC21,PC22,PC23,PC24,PC25,PC26,PC27,PC28,PC29,PC30,PC31,PC32,PC33,PC34,PC35,PC36,PC37,PC38,PC39,PC40,PC41,PC42,PC43,PC44,PC45,PC46,PC47,PC48
ALGO,0.27807212526023195,0.07896850226636444,0.11945734092837788,-0.03358103788407807,0.026002150296632286,0.0015009840290960469,0.023334207331684145,0.026386858173259427,0.010017645719396116,0.034668319660264624,0.034073777018654876,0.0012169332349339825,0.0034989712477703997,-0.03326572062864867,0.006188635677104279,0.0503124395424581,0.013063675907453873,-0.04996658803584893,-0.008220101596056555,0.02680819069666822,0.043742259354733526,-0.03571807713940135,-0.023743151445878224,0.010282316977463147,-0.0008672556035202621,-0.01065238551390609,-0.0036522140667155792,-0.015467467942150127,-0.0386575780004038,0.056611769763861244,0.017026264488647153,0.03968034179595763,0.015370369723797808,0.01450348028164054,-0.028062944222417154,-0.00018704431247542477,0.03772049156627031,-0.0073702772785690035,0.010764688870713208,-0.042082261016335366,0.0036302040351183914,0.0302809448323548,0.022789207103161666,-0.029790052731563085,-0.025845282798851683,0.01814139127814855,-0.002416595688958905,0.0020786968049811973
AENO,0.14314272102274095,-0.1468165135409115,0.0008215017619819631,-0.14287103923804195,-0.14346757170690608,-0.17561466339889154,-0.08442118577420538,-0.047542932461048626,-0.11604876749030746,0.2963875406008049,0.10534746926935996,0.06644785516187832,-0.0975892405773127,0.04798607488903859,-0.1411378149469075,-0.10929951503287785,0.14529156157931516,0.006222442891449167,-0.25318967821454236,0.11250214972361838,-0.2578423730885851,0.025719227565215497,-0.08088276975910452,0.059552079883707094,-0.041242130351871735,0.06811629499502857,-0.24200346254383515,0.01278932040981728,-0.12154669256948555,-0.07671700216109885,0.166260398415233,0.16798750467129211,-0.13124882275988464,0.23214318877844228,-0.007407650203113304,-0.2515489492741403,-0.14456631730623706,0.01785724686779012,-0.09156257154767347,0.008513379521014145,-0.05680952499329066,-0.1098543059062778,0.03796754407422529,-0.041831445435785035,0.4125987872999863,0.029404017448175387,0.19979312413586145,-0.06026290102674254
LSST,0.13900714597696223,-0.12946746595634803,0.0035350984204535144,0.0021260410300394986,0.0075310772090969366,-0.03694658046180398,0.11290849448349811,0.010879507833564669,0.20454328193180946,-0.1939104083791584,0.21776485941241572,-0.24749383821180607,0.24040919446559023,0.29765610172291734,0.029481342038587356,0.032915359423416876,-0.04336632812125703,-0.18658562722908364,0.20865598699987467,0.12404379088627385,-0.13245830557922866,0.06434621232898803,0.24135405245832472,0.1361397790628619,0.02638844435697958,0.10362165037257987,-0.07955700101092884,0.021219982086996513,-0.14147767040085468,0.11837049153142092,0.1436404846445927,-0.21107209586981415,-0.028882963904679836,-0.18081387968715906,-0.17322590685085745,-0.22764480532784628,0.034112221956520535,0.08729787625291356,-0.07150817701320206,0.2084082951463657,-0.02165333797381977,-0.13242536921335538,-0.05586336531169878,-0.2394394823935182,-0.046530626417943796,0.02190131799852156,0.1037911609208758,0.003985454863153614
SRNA,0.1650102548395389,-0.14320363704328584,0.026503397809405558,0.20400008452277138,0.046733419042474945,0.0246520579532093,-0.014791778931898487,0.054124954801013946,-0.1317892845782607,-0.022605478532206243,0.05615938727769099,0.06642869550458726,0.09628789249444497,-0.07021153603501688,-0.09958798252700621,-0.1303414678856412,-0.004417747207325665,0.09216218042658211,-0.14379246697779252,-0.08581426916754654,-0.10445611383194636,-0.15991885614244974,0.0870244613971923,-0.1580134591106439,-0.06457937792809382,0.18595924753026474,-0.08170064154412938,-0.11622922776895578,0.11023996761296784,-0.18218351271000138,0.1311941498397748,-0.05515091668921075,-0.19007652351235813,-0.06347207551565404,-0.1209666359725837,-0.007598917665011383,-0.2719716180357223,0.3601325615341583,0.26214995684036907,-0.173543372125833,0.12523367837591512,0.2208972067177878,-0.13919366988813356,0.007357783512103591,-0.2757609073296605,0.09388265597280152,-0.04783644276998227,-0.07393137247787954
ELLT,0.13493639081882733,0.124412277560139,-0.08736528268115658,0.02935539989715129,-0.26758491187767547,0.21750262706738774,-0.06566055932614008,-0.12818272748712803,-0.25651663445077644,0.10807010688841412,-0.008587922408242313,0.027513386095459075,-0.010339201498804707,0.008384465577182,0.06950675401560644,-0.3088073732504802,-0.07157669111287476,-0.1738524786966001,0.07752856576309339,0.05983086170903139,-0.05655950443869805,0.07300133438763214,-0.151869192494145,0.15864919042634967,-0.21522785099013023,-0.046348798637654905,0.16841317971674818,0.11167802414595432,-0.0788618013968871,0.12801979773362474,-0.028817595771544992,-0.3114656922307563,0.05217510798524061,-0.095718145384513,-0.25863010155597715,-0.1604930072256272,0.17283673704098185,-0.11448510701718932,0.17358741013588166,-0.21854590583172837,0.03907566138124215,0.08709347448418059,-0.07417829420627864,0.22205402013096062,0.03690707829446641,-0.05690949468403711,0.1319412570642369,0.01838260805425415
AMRP,0.14529456717284012,-0.09958048524631202,0.0006662200287235699,-0.18704844017003036,-0.19094412666425586,0.15921860473065916,-0.06813101577109791,-0.02723840309113273,-0.25622621412799157,-0.041087210669239746,-0.04578319218738263,-0.0038385731861015496,-0.1875722847618806,-0.1286541201517264,0.010063910986113443,0.08162155395347977,0.09443508134541798,0.0005170590967097528,0.22620740739532594,-0.06715708334750609,0.30793046037611144,-0.01284237974322811,0.0988137559200393,0.07070559873517208,-0.19750355116318516,0.26068003908896425,-0.06439736298227978,-0.23985711191911585,-0.05176489476101578,-0.3007204174797664,0.060094118529055586,0.09015778224057049,0.07604282524686512,0.15484723613073037,-0.09412478802740655,-0.07852750739968692,0.12516910515301527,-0.07371663849111534,-0.0018802891297349021,0.18597879585159838,0.040236668099071,-0.23698554112159884,-0.10811394742929815,-0.16606831126168034,-0.2505089404529368,0.05289354784337182,0.0129945573531367,-0.08402011189010211
OTCS,0.1098941913415877,-0.10893078787280674,0.029562212218312012,0.15361161088586775,0.10138771902996883,0.4829738120417206,0.19686409248463094,0.1474676008121138,0.001533781028841876,0.15427123740920984,-0.005322991897076859,-0.14444655669281328,-0.23992076022703585,0.022257591110199804,0.07388276578232669,-0.016935897487945252,-0.155776039185994,-0.3305478920709771,-0.10040278983601626,0.09639571907035789,0.07874519771378272,-0.17372345850041054,-0.049660704602033715,-0.007243618847811444,0.04656006558799944,0.06953432929123018,-0.23797984231961428,-0.17393386770574115,0.1996550134286999,0.19820873994928506,0.08554291217524286,0.14542985644056738,-0.042334125031258156,-0.04613723051361802,0.21956177193881204,-0.02318447926378172,0.1939990744414704,-0.01657270055460417,-0.04962362126456116,-0.06419325391497456,-0.011361441822216845,0.08356387417893589,0.02433870669897841,-0.07122787391804687,0.12302007782459956,-0.039545975772008995,-0.05936608958928866,-0.03206690175869361
HETT,0.14737060564970933,-0.1110341433649452,0.021680153708997653,0.18039706770019903,-0.06913772389367467,0.11406948088109602,0.19466334753689896,0.01295537316526598,0.08367435888445328,-0.09091556209686938,0.058890448287150086,0.11621083523806777,0.1494923329540337,0.007788826857531745,-0.19018109750324316,-0.05035564518914185,-0.30091524703397354,0.29194982016452603,-0.1364767359344905,0.04479753282545315,0.060604316561808674,0.18876143986204028,-0.11352945041166672,0.008713251216300517,-0.03943876357328813,-0.11949812394164314,0.18679273257884002,0.000916401219702118,-0.00015566952179046177,-0.03208431480305176,-0.03894812896160356,0.3862872674803369,-0.19691178460952158,-0.007728756120824419,-0.2611038578835551,0.061678715978547176,0.20580333228240263,-0.08046201471044483,-0.16159062172113403,0.06651031591749336,0.14999128836641543,0.020826191302467545,-0.18763268051297877,-0.10161372980217295,-0.0012490850776042035,-0.18972033310787867,0.1721012047849735,-0.05533741670881553
HUXZ,0.14485346716787617,-0.09209706671109871,0.012518990461238439,-0.14342011286541687,-0.0032402823882571696,0.07861418058293243,-0.15948244146031168,0.058142510862122326,0.16363874768587625,-0.06484541108739118,-0.002772346621416993,-0.06325929412560896,0.34007786594374934,-0.3288220196546411,0.22038151966255223,0.011913927602497926,0.04432960977438454,0.03387122192396609,0.07460080773608396,0.20753603233436616,0.003426766512855613,-0.09290923064876525,-0.10856540159684425,-0.1139977510779166,0.10328134743506698,0.11162679683989653,0.3067737785400199,-0.1289106600420455,0.11153892776191346,-0.06807533401310395,0.12347319453451895,-0.18627683144897322,-0.25799089261072494,0.15722259578364645,0.2592694181340202,-0.08601216740735793,0.014056859456904068,-0.09394392215301724,0.006402971168478042,0.10275990676469801,-0.03152884752335578,0.01682930984659521,-0.20228820095305408,0.09800566457933076,0.20918352756333755,-0.15855608135869623,-0.012642222969995015,-0.05669450797504019
DUCT,0.1539083761000145,-0.08740958775211302,-0.04214335082905389,0.12664272035073576,0.14382576615621123,0.023072849881766732,-0.07233464009839977,0.09288024729906118,-0.1404627468764339,0.1680424619247151,0.11324468648618273,-0.16289285025158334,-0.0549225928804132,0.21434461420785056,0.0676690883810574,-0.016834405436486538,0.3097591699918644,-0.010673863304892428,-0.16578621783001685,-0.05338771135447162,-0.07333830576966285,0.08422162690207152,0.10616272323992273,-0.13658717793127187,-0.20265906314387333,-0.22488430177284321,0.17219968035880645,-0.14554265681426234,-0.08593805860129394,0.1091912838446574,0.05225102856239829,-0.08481485603315546,-0.09542126693640679,-0.052317497353460286,0.08339734943755311,0.3310586906339448,-0.15539714832269552,-0.35778951090313,-0.054688808922832836,0.0942007426964344,-0.1783105137582819,-0.012616938384482296,-0.1507552847257379,-0.022472544330068445,-0.19797162991889541,-0.01835956481609277,0.13720047357088255,-0.15688932833574254
SMAH,0.13273288283423731,-0.08724319847953883,0.02204112297219085,-0.1280772823512127,-0.006080364342178984,-0.10878097221668248,-0.12401402658011271,0.2643190926032391,0.09501378138512288,0.35675781774663096,0.2483287613640906,-0.07289882050510971,0.00104263792185599,-0.11750803142556937,-0.005946254496692112,-0.14175020643236882,0.004357018145120064,-0.08467772814648516,0.19195800165091365,-0.2564035968966481,0.14693003862901685,0.21808237856622306,0.05879279440384443,0.10934022935741848,-0.004699230652855571,0.057334183709210756,0.35162487698580414,-0.043736985849996204,0.23789705420842344,0.09571023154005846,-0.19201354617586353,0.13969674117343805,0.13831172297298938,-0.1075464269081599,0.01127744425411081,-0.018816432758473806,-0.13419358744004728,0.17518338799559346,-0.11025224830809834,-0.1611154316962937,0.10185809347421536,-0.018009170494361185,0.08314742950414232,-0.13716089562047426,0.08249655876284258,0.0574551231834494,0.0063667359095860325,0.0048155657828081
NPCK,0.1457693746858984,-0.1861728689460745,0.0198707719248308,-0.107751141817422,-0.09261290443581344,-0.007219930727719913,0.05044118235015932,0.008187517073840935,0.09343890845401977,-0.007502106991977665,-0.020204270530345358,0.1397083200897454,-0.013237505962097355,0.21734777224635363,0.11856162621594613,-0.06804525949894956,-0.11900808610679987,0.10019511950857361,0.20105923816939686,-0.051073068179971585,0.21354864441675162,0.0928454929662915,0.14122514359944585,0.19353318011998066,0.2672379722181498,-0.2580142737650718,-0.23851084910805587,-0.1263749424288324,0.011961330558281061,-0.0772244614010769,-0.16021774269176506,-0.06201347796367633,0.036602649886179,0.30413509685367845,0.0679823348309972,-0.03377444399544532,-0.1643693867022781,-0.10820160278834406,0.12746781166813725,-0.068031696004034,-0.1968726302288112,0.3807864212758531,-0.02984885750500156,0.059477484037509624,-0.04656244862705528,-0.11859656083709474,0.1620265990984699,-0.035077049600510335
MSDP,0.14181974719515522,0.14935806481943167,-0.11765438598295597,0.02173953540109284,0.38124338985522616,0.07456222083436229,-0.09246235487550251,0.028882332605275,0.02556221565000464,0.04736868903638877,-0.009065419784050122,0.09708129208052148,0.053945834434645255,0.09787926463898812,0.07905484462217062,-0.10300893731360496,-0.1998340926986863,0.1513053187595595,-0.05231690610132266,-0.05239860054882775,-0.0770977512085999,0.07032952083853503,0.026502432756203377,0.23479720368737242,-0.10159034595316976,-0.014263485639628674,0.03202794689014676,0.07116502967599991,-0.15929280460146214,-0.005608410142097726,-0.1760549930563505,0.032895198769007025,-0.05677971132183683,0.21884879679302774,0.18056173051196203,0.014943147642572131,0.18824395740470493,0.08456984142232726,0.37486453287440663,-0.008086515066325331,-0.1340735740896374,-0.3209096107001022,-0.07715003277050221,-0.16323351568969133,0.06323247855201553,0.1854733464398066,-0.18228892561497237,-0.15596153205984256
EORC,0.13053480535170384,-0.09436274934351528,0.05675089868620732,-0.1563363199722189,0.03404997458753609,0.2044541534576489,-0.058827409552560245,-0.09174569282423634,-0.06829878247116274,-0.09496232023646513,0.014191682558048013,0.11330050373231931,0.03641193300057873,0.3541652269026071,-0.10667205247871543,0.12147419737153048,0.3359149921199683,0.09713978809764182,-0.1861614222365318,0.03774484655374947,0.05572145872546362,-0.3224456295603845,-0.21561117731817514,0.3795233494331778,0.14625920780480645,0.016632162199347156,0.2722068008652102,0.12729142661268186,0.06400592070400594,-0.005786973935379098,-0.0645232782855612,0.07702720606339371,0.14186807831366585,-0.16849293766745824,0.10246950832528168,-0.09699834745310196,-0.045142282394506454,0.1493645464339415,-0.02450050499466738,0.07109267821270897,0.040103944647823186,0.09007905444383395,-0.03354617789590782,-0.02171846180719922,-0.05370037366990031,-0.0638279389976355,-0.06322336952337138,-0.028661722266139833
CUBO,0.171572949802814,-0.15091322138684002,0.0996997937276499,0.012985799845500271,0.027985334932475684,-0.13221406006389022,-0.002426503206111103,-0.06850142918627611,-0.03606825581412945,0.05156860375815742,-0.20095865924019227,0.004956734523006262,-0.007488491755338171,-0.051619869583703126,0.008315789833278702,0.02070941794677319,-0.13385192257951925,-0.07283418953354251,-0.053344719053943286,0.0877006900920619,-0.004255950887928259,0.037378275325381155,-0.09031301242832276,0.13520143284317235,0.29661065128359276,0.11316731624095433,0.07477757612211665,-0.07088856543676225,0.06971768880152986,-0.06584157413993554,0.05956466849404109,-0.006181543568102711,0.1405369741176587,-0.1173571293821329,-0.28768787593046385,0.21644641269468037,-0.017167788618858575,-0.26252237592099104,-0.0037287325528238707,0.1762849997214195,-0.04003262578667191,0.01680627703358109,-0.037597109837962175,0.22876249933139906,0.12356458213820856,0.45075152823378556,-0.20519360004445145,-0.1758925078419629
HRET,0.12536892720580892,-0.13271278138923837,0.04229181575908092,0.29167242576007146,0.08014302314851364,-0.13407480039473219,0.23955104864358168,-0.011779233806006368,-0.10663260877108102,0.0863283048808832,0.10709434440803738,0.18121030960604634,0.12272163236954471,-0.24534476879287034,0.24224386794974817,0.115059573109154,-0.04829081627841903,0.09565261393054499,0.09485261782840913,0.11058854542306873,-0.08113649868418914,-0.3565873808371956,-0.05469769795259188,0.09442549834204243,-0.19521848339119927,-0.153704359746769,-0.06407181421070124,-0.07677195907512185,0.01829278951918503,-0.07021407069691904,-0.2554208773466326,-0.11457298754164907,0.24210718200107126,-0.08501011203677052,0.032396905325634474,-0.04681134622732259,-0.09819745289860049,-0.039851297470857694,-0.03253724517950848,0.10133950968314216,0.10784468607687243,-0.1578686878476843,0.2470603879746412,-0.010726365853502494,0.03958223902194625,-0.062008264154607244,0.2072373836642937,-0.11024645209477354
ANSO,0.12472760583270058,-0.0764051085155522,-0.028779900612551007,0.00032237942982944257,0.018254613108261066,-0.029387534841574924,-0.31802977724008197,-0.2071936554312368,-0.15922121523213326,-0.2470667006461766,0.09398709658168114,0.0958788472438589,-0.08051092916401834,-0.15457562257798535,-0.153431051217022,0.37589098878859084,-0.12664525851840638,-0.23759224862508999,-0.14296306071135612,-0.20835873544340625,-0.21317178768682568,-0.0673106407139803,0.28351398621345203,0.013510103793045356,0.02074938970490563,-0.22242493109123462,0.14641025377333544,-0.18290124228323523,0.05672745130537271,0.14690815450843336,-0.0902160303680509,-0.03737709790782508,0.01974646659998242,0.18400520074962573,-0.029751690080796717,-0.02869771739048961,0.20313772713327807,0.06652086374623332,-0.07353462883009762,-0.04394445282477924,0.03021108991382103,0.09804938859827352,-0.012302681796947487,-0.024370214875607636,0.08402708432538196,0.004996769164960722,0.04759717218343045,0.0726894276192259
DIHO,0.12497220682888159,0.1127104429462282,-0.12661155646814282,0.27456791876978476,0.04417495985765206,-0.09837233680981242,0.12298608180949787,-0.04233495746607163,0.027718045399056444,-0.2016111291596662,0.1676318414214564,0.17797164805949445,-0.11711364357669142,-0.0597180721783376,-0.14343285234684083,0.26400032762680403,0.01136347263523487,-0.2481256398570176,0.07735214473353737,0.18804640087153787,0.0019972198054262844,0.3504223189385112,-0.0979061992356278,0.19764254873104906,-0.0406466576307131,0.28951612069038246,0.02006736036863142,0.15567618898043392,0.10360166579613628,-0.06590448054486409,0.09436785549939028,-0.016937509659569503,0.09137388852291978,0.06866266438931966,0.1983781282762977,0.0901344717946918,-0.2285599376982903,-0.06261889584331895,0.0013315784126524037,-0.1960949192287529,-0.035608649112955144,0.038546583947349104,-0.11400091721108788,0.017087056073452952,-0.0007898567823460403,-0.06324819226172045,0.04527738872079193,-0.17816923205292956
RTTH,0.08638916231840581,0.18246017411205195,0.22259369632089915,-0.10000583985646708,0.02322289636717597,-0.08195467284357356,-0.16339426481961988,-0.11671529034878128,0.13262659360800141,-0.2174722047349686,0.2221219988317802,0.28138217942426014,-0.07995992842187119,0.2939457348909033,0.021887872601492813,-0.24123846135796967,-0.02909436016338103,0.031131237776494708,0.21848584695923653,-0.007001163394972243,-0.10719440075609486,-0.11761732068882086,-0.1625804794806096,-0.2692147865533516,-0.1870881041997828,0.19296436846167936,-0.06407037970803751,-0.27628321797913097,0.1061659212257098,0.09480244395198864,0.0037210593221348363,0.09484192797316157,0.17941929643424245,-0.009085468941399511,-0.005069890976141474,0.21171688651169315,0.0845149354417775,0.006937352794701259,-0.07208026408575421,0.045843751325760095,-0.05344770190099497,0.002267797856955272,0.007021789174633615,0.07974253752085755,0.13027566654328168,-0.09807841071315569,-0.010665319700054932,-0.08933061486502453
SPLZ,0.1252241954290782,0.17416662208188927,-0.1454271795377353,-0.13438432446820486,0.31918027796015314,-0.08561476067147823,0.06410374019222731,-0.095725842458046,-0.0379465984879837,-0.06457259735070223,-0.004430363952870844,-0.04492376061346999,-0.20874174400191442,0.033838762699735604,-0.09930318799253139,-0.09660124253128899,-0.14405826378659764,0.02746378799295332,-0.20090157725188815,0.14110480131914793,0.25395805907018554,0.062171762850397556,0.17848964910604395,-0.20563649467587045,-0.015569142699504707,0.1271659704414816,0.23360256678874056,-0.05187539269842289,-0.007561850179781298,-0.05293280100519315,0.011768943147483935,0.005682619368969621,0.04055263230588939,-0.11329235640950147,0.06241864898609837,-0.31982796932653546,-0.0878067026948727,-0.11848413659219272,0.1915450630253382,0.23704854756228955,0.07813903340243408,0.1576510563978337,0.2871014187785821,0.1043141720601043,0.016409312520553797,-0.08264030866291111,0.1994182580899087,0.020465429901322447
NWIG,0.13172656520269674,-0.16618255423592937,0.018004851282380798,-0.16005913797851418,-0.043748471371213266,-0.07180523024097962,0.03239443300944562,-0.2042119182530818,0.006214364504537123,0.06407385869079071,-0.3783818640084004,0.0789338602491516,0.005315921380317569,0.09457006319494723,0.25119550060162915,0.08063416092999894,-0.04700238298416671,-0.16886630429531987,-0.002524057835005892,0.10890204173079834,-0.10929367333026649,-0.019316986094770474,0.05214053203707518,-0.26958832876927646,-0.10765629696530615,0.07348910916248114,0.1176842317606006,0.39879014161610415,0.2777872187677764,0.026453135698610034,-0.07976219376701936,0.17678947467160033,0.014060388387828356,0.07672716551781282,-0.09294125007618842,0.032536355477087296,-0.043301601468545774,-0.03086189788727432,0.03546117028070715,-0.10206228753055602,-0.1801019755969304,-0.07098785771670157,0.04580722996166443,-0.2691360384404636,-0.15260285591197387,-0.13713283051368919,0.04473626788554164,-0.0028077600141442893
MMBT,0.0918078018479498,0.1762620281442296,0.32549953632951195,-0.1467047697684989,0.13424754997544588,-0.08772570929940608,0.07599258335871692,-0.022058984146708024,0.02821594300088178,0.16598798851778873,0.14282079007838583,0.11206409036539831,0.2952234653381391,-0.15834185674125045,0.07470257356067361,0.17122287457783109,0.08478352450103457,-0.15365836612778036,-0.11347178941853835,0.12841806417306822,0.23965382996024928,-0.020612380236924632,-0.004993708655827182,0.03716976289547364,-0.07840162578772492,-0.03707603679625305,-0.033975615187977135,-0.027538047948011592,-0.326037010217675,0.19829920772639173,0.2399123101052857,0.18991354826746204,0.0526015682022166,0.1023024347998496,-0.1672219559233057,0.04233904227522562,0.05584108401830677,-0.01960398481376363,0.0857546078466348,-0.1386296589147504,-0.04280599203551254,0.17408101806634155,0.11898798455077784,-0.04104265860147913,-0.1455708218418981,0.029645803611849493,-0.07997591844861311,0.08898986123074033
MDGI,0.11966240724072631,0.1266642092122254,-0.1011115912271308,-0.08258460664623292,-0.21809594440589233,-0.1277209484701173,0.05946969995716449,0.42265645553819664,0.07521909498721221,0.08294097922780541,0.07273965827889244,0.2893277942225756,-0.10388916490885038,0.058361690232081855,-0.062499280484253246,0.03579557039222241,0.013106660570975188,0.054060670169256884,-0.21028974285277732,0.327076107303139,-0.1038736815469916,-0.06912490975067652,0.18200247607488745,-0.15473615570629812,0.18878691576956688,0.06005396349142351,0.0019012514978427241,-0.0679670698967979,0.029522103022442785,0.06854472019273493,-0.24536018645137997,-0.14125326141096914,0.048005892740609825,0.001910344920166519,-0.0039591808971031475,-0.14979824376256992,0.1749922812961815,-0.10187883275507634,-0.12234449417280366,-0.09524949506426524,0.001465162329286549,-0.11868034246649777,-0.11810235849952047,0.03171516460232333,-0.25893237369906824,0.08912144319957914,-0.12775677298509155,0.059746266410789395
AGVF,0.1321076779091882,0.07948624805885611,-0.06555483929781573,0.014204263659198867,-0.05906385276290248,-0.0264555947825947,0.3110573304061418,-0.27984690211586255,-0.00737459828930421,-0.007313203314316359,-0.09683452837146968,0.23391425557519846,-0.18394086043932512,-0.22164169855877805,0.0624033383161181,-0.28587416099727553,0.12038217073576003,0.12461149563904617,0.05999267097391452,-0.1324062584420795,-0.10363474980002463,0.031225312778916565,0.14850687423473016,0.017466158470701282,0.29706329365464873,-0.1511034644277789,0.1322161187730994,-0.1200596902575715,-0.05712112005685409,0.22314371011575324,0.3642390384801513,-0.03598010770681121,0.11437352970045554,-0.0855444710578011,0.12088200237258556,-0.023167919122619247,-0.05576525824438763,0.06201036152654425,-0.02732149938568471,-0.005215368206116389,0.01123461516748055,-0.12515318058846162,-0.10491049442938524,-0.23187539309451924,-0.01757511220174735,-0.0713663940877827,-0.11717069422522747,-0.001163855333624097
RRES,0.11616286841733747,0.20541550935974276,0.35959919676392943,0.003536640718693319,0.0086697247258356,-0.029313155130781424,0.010136174250079046,0.04093387036061945,-0.023104968059302358,-0.009184147693438945,-0.12414127484662366,0.04778366655846896,-0.055185140835195705,0.01368313447268589,0.12206156637884158,-0.03900167763071529,-0.24466935225256883,-0.04456187682477443,0.003773917664872188,-0.16766203112210648,-0.06668352650128706,-0.08713552011617078,0.061950097442632295,0.009366483586363517,-0.11823977004318732,0.029105409761411183,-0.002495504320792493,0.11537810859742832,0.04089266493065167,0.11286036874562447,-0.09848170963471295,-0.05416235552886636,-0.18496887014966706,-0.06717505642131583,0.04045823203674796,-0.2101637900013937,-0.19339169340586868,0.08312292353904079,-0.13825329460861852,0.15917178197699702,-0.10378874214543161,0.17679226111171173,-0.23182641219796074,-0.02984897748201215,0.009741386959130321,0.25921852089189096,0.04809345200743579,-0.08677059465870102
CTGI,0.10124586199066658,0.14703517906960623,0.2733201723712554,0.06647531072331389,-0.018012848864694588,0.06846861104064507,-0.1727963577221312,0.08007166919729569,-0.0947833682694073,-0.19129612265980442,-0.16948453775242006,-0.24671932787058573,-0.08856363583325252,-0.04426731398368274,-0.06268423334291341,-0.17943943585770994,0.015805216770004432,-0.01163926558349995,0.20058991926539213,0.4300393041945025,-0.21321071363862065,-0.014583526866330307,0.15082911712678262,0.10649698319159015,0.1311844290381543,-0.16747384496513157,0.11245687915575862,-0.0823227448186482,-0.0990481874650565,-0.1762437115911002,-0.04815372232380879,0.2635186780188928,-0.0016093749833723224,-0.0380220489634285,0.11060132188540324,0.13209021971859727,-0.11007162877806413,0.044404633105504486,0.03000658548472446,-0.19529094616973056,0.07337583956231672,-0.07264030824470427,0.12615955566411108,-0.04573787834145223,-0.03402510424236337,0.09477933770998345,0.1773778576490513,0.15604579089348294
ALUT,0.11836472444356522,0.13220790718877448,-0.17969470547124403,-0.03556345615441097,0.07968010193641527,0.21140376890201557,-0.1471358690420284,-0.13734269614241568,0.43919721058790995,0.07919333907336058,0.010943738489289053,0.0612617257263826,-0.25506214754358736,-0.14923978331466478,-0.045025052636400636,0.10833813488533629,0.11381618523923158,0.007231045565326196,0.10462122989853388,0.12782357682035503,0.049718068714986144,-0.03481909602217689,-0.07382985129319544,0.06113793391805646,-0.07556833508883268,-0.2521145157761872,-0.10671564068823192,0.007353018136647819,0.15192423157255835,0.12771947941086148,-0.019511958124481123,0.018589744696948574,-0.21482930697170646,0.015464120168966849,-0.3058700663424705,-0.0019274861885380944,-0.23867071541141374,0.12352861673830622,-0.03827656897190602,0.18057801019372616,0.024346122474825063,-0.15507908298528778,0.038879889989024155,0.15270507560540303,-0.10395902376454698,0.11499263271004964,0.058146464349534334,-0.0020523024484851208
ACAC,0.15549508992332375,-0.14946960484307492,0.007038409546585807,-0.21451405595275685,-0.04397995259779389,0.09664814574589986,-0.15047066700983788,-0.03758162041689147,0.00912591509859995,-0.0785843160355946,-0.08423628609717834,0.056860520241162726,0.10941547267669052,-0.028465307345677048,-0.21521911697113194,0.0010283991680307765,-0.27898136032896736,0.0786618384633978,0.03559540200997229,-0.08766572330061409,0.04965845286654261,0.02056595556543232,-0.004878958500193169,-0.04792867124330857,-0.16718678829250058,-0.1348938831758015,-0.14969192694623873,0.14467463097244898,-0.18451363859460373,0.036000490500177035,0.10089307295704752,-0.03893235517711614,-0.0067434927618729495,-0.24482015181167902,0.3389151432390733,-0.09039934161763019,-0.1699781114754343,-0.22272191956804938,-0.2927627043190215,-0.1742547113833903,0.14669525858558682,-0.09721907475898768,0.15107235884908704,0.07602708352216787,-0.12067995290158043,0.054158306645854914,-0.17698249390090204,-0.18042501148414078
SRTX,0.1455937811521531,-0.17998829251111967,0.0672947475734627,-0.13585748878485657,-0.12135823622479767,-0.1857521061018969,0.04734849292254734,-0.10578013329930629,-0.0049048960727109845,0.19084428892084168,-0.027739567510751444,-0.06103907642304846,0.006740929316372907,0.0016311587912782649,-0.28908325044169264,0.09602059399674495,-0.1171766370892087,0.10527911755174289,0.046239830189966996,0.15916012934545645,0.012035164745341808,0.1200589846510554,-0.09991483587593492,-0.009882072448734918,-0.05478411203652269,-0.0871411787478818,-0.052139986267252185,-0.07108633108084227,0.18788543039248926,0.06158614724087524,0.11050302473302685,-0.20863912413848112,-0.06068368236646078,-0.19009369407762483,0.2041061867215118,0.23180457959476386,0.31264364672109435,0.3051801157229029,0.23321533742757145,0.08877437480002312,-0.18654557105281408,-0.00991603209420926,0.15974725278324317,0.04104470690263144,-0.09998811953561651,0.04198406111684265,0.13056394023540574,-0.004395120280384328
GARI,0.13738886096034608,0.14930355774896514,-0.12041714376719478,-0.000128397674124924,-0.1994190770023096,0.19984742794076074,-0.017485573802921858,0.11717674529378307,-0.015579801448248264,-0.22615844927514928,0.16521875428230948,-0.15326075344547216,0.1347598915890027,-0.19421386555549544,-0.0013582411899597,-0.2063876149527999,0.020795455354832806,0.029259280346252237,-0.21590016753260777,0.014971190636960808,-0.04654276903671031,0.10257701565247455,-0.1464186626520299,-0.09258703710730427,-0.050502977539689325,-0.14639116190565804,-0.04762445033905891,0.1852695909953977,0.10241597014550634,-0.07363067614192277,0.04153136794488414,-0.038292822514650215,0.33403013396609904,0.2311395053122379,0.020437616619087093,0.036473391250199744,-0.014924536797323777,0.13018365025286202,-0.12999987112243722,0.24291758994117543,-0.24656411301640513,0.17780687107809823,0.21200657157671407,-0.1603476808498034,-0.09692515546571269,0.16717564519692163,-0.06003115591986504,-0.08180108260824691
RCRI,0.12246703862691291,0.1935810599054764,0.2003401442416819,0.09006270323033104,-0.021155978930254116,-0.06191131386089951,0.03646484500208617,-0.07922265205589654,-0.02194534348139362,-0.008943832874486487,0.15812461113986756,-0.01897394763913413,0.014312280944157426,-0.11427080649673646,-0.04255809899079806,-0.06816650597414856,0.3021552708479212,0.1339660570402376,0.04362557543514225,-0.08972105794225851,0.07603589311732736,-0.027899649350971476,0.39090523213034567,0.12852146449837965,-0.05558707407757094,-0.028581782361574725,-0.18127276475374376,0.33003331014288306,0.3264905731360357,-0.16042884161433998,-0.004571944593233763,0.06494711536308885,-0.1842192931824757,-0.15072723222290677,0.06340355727759958,-0.018329844919395648,0.29825810470497865,-0.19541527145442036,-0.013200427020726564,0.03490248879712878,-0.051834036057597656,0.057215345007400796,0.0047708021655834335,0.12677254896636594,0.11908485833651661,-0.02891057438284077,-0.0807723032959641,-0.037175492468446855
ACIX,0.14719910021556837,0.14188483619702907,-0.17547407825636982,0.09014336647218467,-0.19689113032378416,-0.004496479779126349,-0.030451941306645525,0.243557811710262,0.06672315880666056,-0.0844236394977475,-0.14986110065899222,0.1390915637625689,0.05969462608452053,0.14212227543764697,0.06529495184763141,0.24954166767944472,0.038130033185148265,0.11213475677213726,0.0621895520181643,-0.14372793706970297,0.14074841812744465,-0.0733112668208814,-0.07900441140096448,-0.10162500837287465,-0.13091131723798477,-0.10508159448703083,0.003905706369837417,0.009203199220556773,0.06303082180046896,-0.008153886678843198,0.27328296096067733,0.051091917403223185,0.07583579322312514,-0.134915011665488,0.10630925265855169,0.0005318994059840835,-0.01450631588084587,-0.11220188876428201,0.20543919031596947,-0.04256804253679045,0.06482964527101549,0.01967063238555675,-0.08476972806779155,-0.1553084581203595,0.2626818207862523,0.3298711352329928,0.24421182188934085,0.32888473852839495
CCNS,0.11653205819966515,0.07941285742815192,-0.03039655611811871,0.20398834456660547,-0.05324665147163584,0.2354093700232128,-0.1279116408356312,-0.2229184792381027,0.25842027406768003,0.4057703746229407,0.027874247791406424,-0.10687090637043833,-0.042637555682051985,0.006457851426773777,-0.10971351749113518,0.20875368963390112,-0.06028868244191949,0.27102122886653773,0.1671101316029764,-0.0309746552549852,-0.24578977121127024,-0.07770029083673631,0.10767896813547397,-0.12861237476403894,0.06327876928712198,0.2547335004129742,0.07515487059507146,0.05453831323973163,-0.23622447801182267,-0.15055859066962443,-0.022553283099272823,-0.03323432837317459,0.21048426898550868,0.009119144744433363,0.01358680055980077,-0.017991179840609276,0.05289427458453685,-0.0997676570853329,-0.031012040665375086,-0.02260458672499281,-0.07356374850758286,0.257764587033819,0.03150194631469339,-0.0826347723455176,-0.008116352812737837,-0.03302631839190157,-0.06301924580228417,0.061700754355405785
MTNS,0.15836085813594716,-0.15385731250649418,0.02469142915248002,0.10660412010591751,0.14681988596952755,0.02062312360685572,-0.041050500829926284,0.08016355397453007,-0.05868842050630109,-0.12907306660133422,-0.011949116734561557,0.009502514070435477,-0.17347598633919492,-0.07328948221556361,0.01857525475072422,-0.08197205825872482,-0.0336310824423728,0.18128704919154215,-0.03932937075769182,-0.05630021853837748,0.28871468353001994,-0.1493485091244459,0.05741159248613591,-0.005769155778972069,0.09342102177637879,0.2603805772303464,0.0469964690706325,0.24337957178136738,-0.2160868067885382,0.13346179964832908,0.02492153244885124,-0.20412916098301986,-0.05424348248749761,0.10009891081710355,-0.07252026870432239,0.2186180152987532,0.03668456308954644,0.17792408129328005,-0.31264643246719664,-0.15137431787462674,-0.2742434744896571,-0.14422040239550296,0.04831360698845618,0.13279914473292753,0.08153531711783872,0.010425089985806034,0.24207899421885537,0.21874771112377694
IHOZ,0.15611467053635686,-0.19023600996527185,-0.030016035745038434,-0.036528645123934125,-0.029240554144953124,-0.028042621766773898,0.23384494540925263,0.024237418454547174,0.08365993331634759,-0.05385580436232449,-0.012825045590987683,-0.16784055716126853,-0.0536856824792771,0.10957847021934955,-0.12926958986395504,-0.05153222115097666,0.06914196963437441,-0.09022542594433577,0.0445818531156429,0.0652789843775974,0.11235022756261163,-0.11656698090901506,0.23383720322940968,-0.23629513333513127,-0.13063012544701033,-0.14400825572665385,0.06969054189029976,0.18205862731663006,-0.12131019125599506,-0.01675660183672474,-0.0631656218525098,-0.03666485288800268,0.20392436082453835,0.2122370863259951,-0.06311905472092788,0.1579232334440184,-0.01875802775298033,0.13133375666094224,0.10442287543461824,0.0176355300813226,0.33183133848238805,0.030444455186845833,-0.1335608490269832,0.10312567508690756,0.33674090448243116,0.04998579013011787,-0.2174210125343196,-0.11179802058726605
NAYO,0.0965881375754112,0.21230298167821995,0.3425065133381509,-0.004509225795333477,-0.06587760338592774,0.06430649200678895,0.02618079955816031,0.18977880555074442,-0.12431682487882985,0.1129162150176467,-0.14393167777143018,-0.09533422815119083,-0.024498150037554494,0.04817255169747263,-0.14778473619571095,0.15176083112490138,-0.15150680341946035,0.10153296630693937,-0.08541571859326663,-0.10368818344072953,-0.07933376564092683,0.10008071894565448,-0.010975738994203106,0.11447671823926452,0.00846975739986099,0.047559283270019646,-0.039524673224147384,0.04007208947520545,0.13920130099276848,0.12042512669585498,0.08054489055612515,-0.21079088750048966,0.12224680415182053,0.20660484186627068,-0.02012015242429536,0.1052064653189166,-0.22963434505740554,-0.025327209862533468,0.08275385229406552,0.27273701697879404,0.1769710380710339,-0.20027338835073885,-0.028972996156098375,0.052528891936616744,0.0026873529700318483,-0.3811429296214614,-0.06926557756436179,0.18838375795744008
FWWG,0.15326898579924733,0.08508142964331997,-0.12610642228789265,0.24316340179688367,-0.08849338293570423,-0.1873510005323799,0.004028600217900554,-0.12147274511417668,0.0712413560682063,0.11247444492002492,-0.1676901488043189,-0.004785811237839704,0.12891201702865626,0.21193613373858633,0.13214996228846146,-0.14041957978775166,0.04467158203267229,-0.17707385725979366,-0.007998066774957173,-0.15119911840131697,-0.017153656956660948,0.008225921904692006,-0.04228798196201528,0.09718970916518442,0.04327157257995327,0.11226063020782694,0.058813570965200665,-0.028599690183223062,-0.008823394827538664,-0.008682988359933955,0.04677620593141777,0.05822709884165714,-0.1603494261646744,0.29399878525875855,0.22523134506569034,0.04494967849142618,0.17624703247479737,0.06791246363454412,-0.23029757575010568,0.1707784829965303,0.3525211086774454,0.04100669808370428,0.23290982996172285,0.17021761110547004,-0.24802948968886718,0.13478650979535342,0.0704625986242665,0.0885720178266299
EELT,0.10920881844036624,0.19460596836186256,0.2866462661511528,-0.02186933516001743,0.020373293435906697,0.08890990262928206,0.16227202148354178,-0.11416324817705235,0.1427182447426727,-0.005945635478322338,-0.029843169642181738,-0.07192542562386207,-0.03440935545900083,0.07473134655238522,-0.04643260630880266,0.11701648399689173,0.1553765988658908,-0.1146810130269667,-0.10646008455293349,-0.18957625917088494,0.10580756012651178,0.11100898930161791,-0.23565523460010543,-0.25843695049557375,0.21302470762677128,-0.14110744504377143,0.02266804885761428,-0.05768057011771117,-0.05668045134762409,-0.3098619457612337,-0.14153779408645717,-0.2779639453231442,-0.06771942664062962,0.02833656034291729,-0.020012164946989895,-0.08941707359616465,0.09463131919726855,0.05757533507362279,-0.0407398577803753,-0.26334872452587993,0.08256251095327309,-0.1969068281261107,0.03112970713956129,-0.09835873374551612,0.024411989255275185,0.062908928387099,0.18225290165488314,-0.23359389574052938
HRND,0.1062774104373862,0.12023007217615417,-0.11986436261146169,-0.21851403614569234,-0.24777607823848047,-0.06018169312938444,0.3927900272410053,0.012800202212568109,0.1411151765663261,-0.1806788817539284,-0.09864864157488662,-0.2247119052544784,-0.013470111103598907,-0.12000031241298678,-0.11659487225942801,0.0457101655283795,0.046270172121504326,0.0016958601853731745,-0.0694179532161207,-0.22790696474055938,-0.17419249771135897,-0.16216739060613794,-0.018993785795580947,0.17079931092918804,-0.14275455228656903,0.22477504424434996,0.07475719431450997,-0.19544377636866545,-0.12689102689405185,0.10311244029643642,-0.2669914395653791,0.09847720175237933,-0.20334617786074957,-0.03297950188870753,0.0031522960247134736,0.1399280479192033,-0.0974104234747211,-0.11111063715386348,0.09893656859413882,-0.07546604484819991,-0.1909385919897278,0.05572292912066798,0.15156345582178202,0.026989274003790757,0.049369323687036865,-0.011681087054042114,0.0009111922622029729,-0.013381330471121678
AETS,0.1057228834727589,0.1083211348178663,-0.15242376673712055,-0.02772425800916074,0.23955439802141154,0.018012815687739995,0.18095175794423576,0.15361194574047843,-0.38095498722795995,0.07384650159036989,-0.05271217504091274,0.02955086216605384,0.14164120395697335,-0.005652669773341756,-0.2996455893255767,0.08704177020332834,0.10315166792505868,-0.0791550414297163,0.47260978257295766,-0.08206465230477404,-0.12490703169662405,-0.039603929684286464,-0.17628283625363703,-0.23304062767195127,0.18084300354197064,-0.08697569545297545,-0.0009493432498762542,0.08499139609197966,-0.04372015876420777,0.06643242128279547,-0.05868416340540469,0.1596138405389384,-0.05974316567513258,0.05361683867596529,-0.025564623657644926,-0.14619933864621756,0.034749633412139706,0.0535134045502021,-0.08502760535870087,0.1427332389358481,-0.1769603881025631,0.03795502270798159,-0.06660771948907088,0.14725229410785212,-0.02365741420042539,0.014148855554720202,0.015248143545484254,-0.011340464562457629
ULXY,0.10731993378158623,-0.13598547166588745,0.07687906521470529,0.14926512997931407,0.12120232177295719,-0.39596129378491285,-0.16114243455978672,0.18031452577344598,0.2546696589320636,-0.09110520324698984,-0.1420399140638848,-0.2070001682465985,-0.2872548924987781,-0.16619500614411056,-0.1141589468367391,-0.12212538617374685,0.048015336498201625,-0.07338497603455822,0.006395564516082146,-0.11732711009201863,-0.0235572785572128,-0.14811407986356256,-0.30757970300374593,0.07799012315628462,-0.06567425591956412,-0.09689321067850006,-0.04428374916061865,0.07905821038272738,-0.09835625371336465,-0.021316320726550698,0.06398392616849033,0.029426393740660025,0.15233431253711843,-0.011992094875187527,-0.003604360518407062,-0.2139263330197471,0.19349063411423548,-0.11517557971167179,0.08604823420031149,0.021888524062547966,-0.03713836426571698,0.11476519853830675,-0.19671397824250408,-0.08743506295504005,-0.1562306596170189,-0.17794396710685512,-0.025264917680127553,0.0006436373872245782
BLBT,0.16645836261264388,0.11766506834691781,-0.09162964650446384,0.0959492111432993,-0.10605954794678216,-0.09184693003363555,-0.023094386119007076,-0.182554778463692,-0.02737838094190976,0.09449580391992106,-0.08176213033824314,-0.02042591687049707,0.06857157774607367,-0.00388951455633449,0.10493977735562854,0.008745159142200266,-0.03183592895123508,-0.1875696930456776,-0.1456606556648723,0.0678952611366844,0.18087796606430667,0.13276447760913157,0.007288429645934449,-0.03496143669386841,-0.08769482091809688,-0.10407946625155842,-0.08863693899292147,-0.13742340064476444,-0.18649277289225466,-0.2343096189444255,-0.22937602911505675,0.10734799282034074,0.06756782664237018,-0.2828922542129763,0.13382484224618277,0.022853826558797002,-0.0807660640900238,0.27413649238692944,-0.14759848063158673,0.14842734312806,-0.21167395602340572,-0.037505719495013995,-0.30208782763353265,0.11311621964569638,0.10211308208020738,-0.16666963744956415,-0.18626233585016713,0.2603481768427534
BENI,0.17845960607712352,-0.1656146431167655,0.027921374018750663,0.09356752011083701,0.12418563905430922,0.03467513533124803,0.005427639598799322,0.019890809762069975,-0.03760361083654987,-0.09103354543603315,0.14770147006228404,0.04377873596769726,0.020398674810483363,0.0875226970856224,0.04842976667669066,-0.06134699362496589,-0.06434222952079634,-0.08096408010795361,-0.04831115498349723,-0.18109083653336924,-0.10592318360448975,0.09094150840729909,-0.09686572480217534,-0.05196482995593043,0.124309521296299,-0.027193728034912976,0.003514970166786639,-0.07470524364622085,0.1113099148716872,-0.26261755119556773,0.03193134648480606,-0.053218060820303205,-0.09448039419132331,-0.08964243101825803,-0.18255953270034744,-0.06907222185258251,-0.05554609039216236,-0.19510066369078194,0.04515316048636662,-0.024448195582254008,-0.13822098747127698,-0.11839013267032955,0.30788427378990196,-0.08249205881947332,0.0710533036094424,-0.04502644063733626,-0.26210464889574236,0.3754860824392313
ITPA,0.15226479069440288,0.14441016482278704,-0.16456131294786333,0.039704169950885895,-0.12993409257687305,-0.026939096449853095,-0.18376854110381197,0.3260397642711522,0.01622160961716901,-0.0028648665939906347,-0.13480311369801484,0.1471699209432492,-0.041718893825627934,0.06354919763850038,0.12711649887009666,0.07361482709346012,-0.03154218330381632,-0.12268807013230433,0.06424476778624358,-0.07130605272505719,0.0017621261130956645,-0.09400588571241196,0.10255225253072486,0.03542072868321723,0.08290904529146467,-0.06622660823182426,0.023229343771908894,0.05940253102540597,-0.1731710894572724,-0.1378500998186027,0.19799474380339038,0.024204990752123984,-0.1650857029243855,-0.1399821508030313,-0.1607572555614983,0.13420663489061993,0.03590278065456382,0.16112904940649753,0.049006798980095245,0.015966014124240337,-0.03795820340642068,0.02643061614747341,0.28438673389293717,0.032176965676069993,0.09888082299662092,-0.34973505452379794,-0.1343339515594751,-0.35505282321979686
HTRK,0.15185420094490992,-0.14716586987764352,0.021271495378247178,-0.09446770024527613,-0.0061792807545330486,0.1429720954250311,-0.1467001549605926,0.016010900754792376,0.02529316446358535,-0.0846074509899727,0.05725191983970206,0.1647802534594183,0.0360798658893605,-0.20591905352832474,0.05376433996385506,-0.08179040573884404,0.17347542537676897,-0.12271509004955693,-0.03561882834967252,-0.10384723146306202,-0.09387481155520142,0.17495384282009632,-0.06311604506700365,-0.12561351085719094,0.22744750196128866,0.16589333559113725,-0.2694560283611226,0.19604911468720962,-0.21283145227869615,0.16241655045073977,-0.2956101918547953,0.05281133815250341,-0.025477454046348304,-0.18623278158891396,0.08758415829594042,0.18414037582007894,0.011321397583179833,-0.07062337125176045,0.26903412084567885,0.2164343377688284,0.27729900227458415,0.032868298962531725,-0.021164124808454463,-0.05128960640198249,-0.027771243307114633,-0.03565237365830747,0.17268740869597032,0.10164801043799593
NGTE,0.13916293803329083,-0.09156952283911132,0.06386283412355293,0.06410266834591795,0.021534077521694256,-0.018164247426553627,-0.0035239550738246665,0.048681253879740136,-0.13911294207636898,-0.15234246417662406,-0.13155036861647357,-0.1584158480766033,-0.151640653603992,0.03618369269781697,0.36263769847111793,0.23931762687132527,0.20113207243244616,0.3824972537565235,0.019356745879572073,0.05799994206755936,-0.08594402977616343,0.40224056407266845,-0.08005192106587855,-0.0611466819684305,-0.07943871863883022,0.04361872282336135,-0.06494323843007585,-0.12183511535202761,-0.0288396522746664,0.23903777473336354,-0.06359972745198815,0.04527743580266918,0.002357655531788887,-0.05119436219086949,-0.04625451407067948,-0.21248872269413913,0.09172293539722913,0.16518003587747657,-0.06648484433029392,-0.07095658746539829,0.08229487250727342,0.12939625048956582,0.12457700605291706,0.09984859792532925,0.0752054836884495,0.02241563990110605,-0.16810834235062533,-0.10416416196970987
ILVX,0.19522018410867414,-0.131734790311857,0.004402301628051183,0.010517210466664286,0.02928580494348453,0.0698570329495005,0.08232660518172771,-0.02786218673229215,0.15088900113168074,-0.07352424437519675,0.004833842904382411,0.017016134725045255,0.09911145824088977,0.033791425511930276,-0.06303109980311716,-0.04881000483818843,0.12700591559038996,0.010853965878295818,0.05999652364340859,-0.009022876411165384,-0.038898339578028046,0.019363809041927353,-0.006100915328886814,-0.030013582801398906,-0.17001032775330394,-0.042098099531467925,-0.01434899428504723,-0.012955829232542135,0.0651843604948532,0.04869835307882079,0.034552073903711907,0.06359813652587402,0.019936877429918547,0.16657660637414715,0.03248625460133779,-0.14625516190257215,-0.04720560163131419,-0.03708383916392386,0.10288743638971518,-0.19990088281753385,-0.042361785243962724,-0.17179294418732458,0.005330164493017524,0.3445678757796777,-0.1400213596280218,-0.029821661817378376,-0.19509684085940193,0.25440722644839137
FCSG,0.10823161282804042,0.10529679639494459,-0.09253581918982218,-0.09319547762570886,-0.1694364733833169,-0.1833086656397973,0.00857286242003971,-0.15286420091610814,-0.20023474588646675,0.005857995904985943,0.47272643042489504,-0.2531455702602119,-0.23978011097570032,0.06032049273828374,0.23356900548835316,0.12427398217968003,-0.23504186577743222,0.09987269656845905,0.0829370002994102,0.059693072060855945,0.06455217128364539,-0.19299577244523144,-0.21972613056012233,-0.07054447303036024,0.1752986370739822,-0.08561310791751918,0.01072019966052078,0.19070877127962743,-0.02522386038385539,0.019950074148522495,0.015695033895298766,0.061620030739133434,-0.21757402367274534,0.040965566496050154,0.059801786809791944,0.09051174454058776,-0.06938241922062094,-0.04331029715156736,0.08408171775036366,-0.0341963409968464,0.139924692078633,-0.023532821476020892,-0.07500959085223752,-0.04787667667018526,-0.10040074261336675,0.016111633254322178,-0.15622769229158223,0.06852192778178062
FARS,0.1156705287474178,0.13907280317663245,-0.13029278809307174,0.26824161714843303,-0.08920203136007913,-0.12682102313401694,-0.2541199960229545,-0.17253450021614672,-0.09128077947294487,-0.018224175626422756,-0.13839817853741684,-0.1922022043223674,0.27641151518148555,0.03924729575238345,-0.21050711401352928,-0.08011659760425525,0.06359625544376261,0.07712213751578609,-0.024444916382297493,0.06918669988398422,0.31104636196745294,-0.11960903172986112,-0.00830201247247903,-0.07106576529285223,0.15449720106475823,0.08602178459155026,-0.18656662117153877,-0.13315495146661435,0.15223584924737557,0.32954027120460655,-0.16970142831041912,-0.007836337000523328,0.001093108181598924,0.025989021490886454,-0.0991922267918765,-0.07012522710838733,-0.11340006328621625,-0.11097238061439535,0.04808503655042173,-0.1289622378584624,-0.016966509621068954,-0.11443536313008862,0.04185741026214246,-0.2297513955396401,0.0834970589865537,-0.0683243804033061,-0.0813894253779503,-0.12830025970826905
MHRM,0.13198962987823554,0.14369126246955308,-0.21138356028286379,-0.2411960006318542,0.1834438288222794,-0.019829412989482705,-0.009704357894460012,-0.0002995398406741419,0.01763947208113826,0.013362744160342594,0.008800280149021135,-0.24786213819859798,0.16517199715968334,-0.012755652057596439,0.19073876463679915,0.038651746670353426,-0.11892555879349677,0.07023791461205842,-0.1490924007884108,-0.1618165768385634,-0.157932673278966,-0.04659936652322093,0.07786831917462801,0.04210628673233191,0.15006024396259876,0.04355817524750727,-0.21159163164635109,-0.023514722328521996,0.16437923489367934,-0.07541804399264165,0.14657129838775163,0.15331057097856268,0.31575456676696956,-0.09354876887496823,-0.08421481315381157,0.047246162611684316,0.05476522704111033,0.03253604973154432,-0.04864106877775576,-0.19288221839154227,0.0581945621568474,-0.13116612460832927,-0.19144185316231138,0.26667709200511125,-0.08346217969359308,-0.09153687672433589,0.2798508494813817,-0.08051001449750919
EAFC,0.1362881611398231,0.12076267704373304,-0.1934324589718778,-0.26424625558464265,0.3251796773182801,-0.06255207711482377,0.04868964308873482,0.00339594007521989,-0.07196299800626244,0.032048118507099946,-0.13988009120318975,0.027777285325867106,0.004003235584654249,-0.030453588792653103,-0.03491753626711418,-0.06285282550386619,0.05673533785660982,0.054655026802509256,0.05441578555536788,0.14682160206406858,-0.0612358407676014,0.013421248662760453,-0.08676764385404682,0.14532320999278306,-0.15881547020346343,-0.0006773206316801995,-0.1643998889924786,-0.06035592262529858,0.08825971512837631,-0.12886836276437108,-0.05140319767043845,-0.28266003305103565,-0.1064455005822026,0.016464605670321264,-0.10665115633732958,0.21065032655970425,0.054040457482636355,-0.03523958727428365,-0.26814903973278115,-0.10262534320053263,0.23967737411039738,0.2832548929266815,-0.05285350204165524,-0.3228918068887761,0.0756161467624362,-0.03880424912872005,-0.10087142637628259,0.18361312956354206
